"post_url","post_date","cnt_likes","media_urls"
"https://www.instagram.com/p/Caus-2EID-a/","2022-03-05","","https://instagram.flhe2-4.fna.fbcdn.net/v/t51.2885-15/275176525_527071428760598_6224646341173242023_n.jpg?stp=dst-jpg_e15_fr_p1080x1080&_nc_ht=instagram.flhe2-4.fna.fbcdn.net&_nc_cat=1&_nc_ohc=eSSGE4ZpjCsAX--P14b&edm=AABBvjUBAAAA&ccb=7-4&oh=00_AT_Iw09c9O0_lgJ4Pc9d38F_3d4xlyi2On9nG2LnFnk6nw&oe=62267A64&_nc_sid=83d603"
"https://www.instagram.com/p/Car8SCkMUac/","2022-03-04","32,637","https://instagram.flhe2-4.fna.fbcdn.net/v/t51.2885-15/275130429_696662568369093_6821550585767968700_n.jpg?stp=dst-jpg_e35&_nc_ht=instagram.flhe2-4.fna.fbcdn.net&_nc_cat=1&_nc_ohc=57KOnbk6SX4AX9uvKgY&edm=AABBvjUBAAAA&ccb=7-4&oh=00_AT-x-bAUzfvXOavEwL-QviJdKrqE8hQALgj62TJi7eTo5g&oe=622A6A53&_nc_sid=83d603"
"https://www.instagram.com/p/CarWNslFvfp/","2022-03-04","",""
"https://www.instagram.com/p/CapOCL8MSeB/","2022-03-03","84,027","https://instagram.flhe2-4.fna.fbcdn.net/v/t51.2885-15/275077394_1082976878926216_461095100813127520_n.jpg?stp=dst-jpg_e35&_nc_ht=instagram.flhe2-4.fna.fbcdn.net&_nc_cat=1&_nc_ohc=TRDPlRtkDa8AX8zgOzm&edm=AABBvjUBAAAA&ccb=7-4&oh=00_AT9z6i_kgGGybtQT3hfImLb3vQEty0HR7nQDcwtCurO3YQ&oe=622B8B9F&_nc_sid=83d603, https://instagram.flhe2-2.fna.fbcdn.net/v/t51.2885-15/275093905_679809193210705_162593014560756861_n.jpg?stp=dst-jpg_e35&_nc_ht=instagram.flhe2-2.fna.fbcdn.net&_nc_cat=101&_nc_ohc=d0tXHCzB68wAX_V2SX7&edm=AABBvjUBAAAA&ccb=7-4&oh=00_AT_hRCmgmzYg0aa6yEfUXqhn9Di58nH33gqgSaqHRg7NFg&oe=622BF65B&_nc_sid=83d603"
"https://www.instagram.com/p/Cao6QfptMEJ/","2022-03-03","52,070","https://instagram.flhe2-4.fna.fbcdn.net/v/t51.2885-15/275119540_4933056876731311_3294437427191605916_n.jpg?stp=dst-jpg_e15_fr_s1080x1080&_nc_ht=instagram.flhe2-4.fna.fbcdn.net&_nc_cat=1&_nc_ohc=x9Ep6xpTY_MAX_P_1p8&edm=AABBvjUBAAAA&ccb=7-4&oh=00_AT-5TITtDGuxgN345ZRSMIKP5GgxA0YZSWp44ScjUjr9Qg&oe=622B4059&_nc_sid=83d603, https://instagram.flhe2-2.fna.fbcdn.net/v/t51.2885-15/275087391_523006142874455_5755770683063585772_n.jpg?stp=dst-jpg_e15_fr_s1080x1080&_nc_ht=instagram.flhe2-2.fna.fbcdn.net&_nc_cat=111&_nc_ohc=TDAAYNbuoIwAX9pqbbU&edm=AABBvjUBAAAA&ccb=7-4&oh=00_AT9UCZ8p_nWAlb2Di-1Pvbo8sl0nulWc28OxYrd1jwd7zg&oe=622B401A&_nc_sid=83d603"
"https://www.instagram.com/p/CaoskWeNaxa/","2022-03-03","26,160","https://instagram.flhe2-4.fna.fbcdn.net/v/t51.2885-15/275048870_170540185316247_9124202499909469293_n.jpg?stp=dst-jpg_e15_fr_s1080x1080&_nc_ht=instagram.flhe2-4.fna.fbcdn.net&_nc_cat=1&_nc_ohc=YhMBkysOrMUAX_a4SOR&edm=AABBvjUBAAAA&ccb=7-4&oh=00_AT9RRmv3zrz17wzZbxzHF2v3jOlvDiW57_MQc7ddj1PDjg&oe=622C04FD&_nc_sid=83d603"
"https://www.instagram.com/p/Caoe2uVL28e/","2022-03-03","30,035","https://instagram.flhe2-2.fna.fbcdn.net/v/t51.2885-15/275086137_523166252729348_5811912155318978274_n.jpg?stp=dst-jpg_e15_fr_s1080x1080&_nc_ht=instagram.flhe2-2.fna.fbcdn.net&_nc_cat=108&_nc_ohc=2CLpdYElVpcAX-J2b26&edm=AABBvjUBAAAA&ccb=7-4&oh=00_AT-hqI0ahbeJzS0EDeCI_UBlwuyEMkKlwIrT0m4PPN6HNg&oe=622B3508&_nc_sid=83d603"
"https://www.instagram.com/p/Cam-r8DLnpQ/","2022-03-02","32,219","https://instagram.flhe2-4.fna.fbcdn.net/v/t51.2885-15/275126822_490557355787333_6128799039791035173_n.jpg?stp=dst-jpg_e15_fr_s1080x1080&_nc_ht=instagram.flhe2-4.fna.fbcdn.net&_nc_cat=105&_nc_ohc=QPor-MS8c_gAX9oGAkq&edm=AABBvjUBAAAA&ccb=7-4&oh=00_AT-iRVgYb0B9TRkkfho6il07wmjYLmUEdVVeX7hmYta1xg&oe=622B308B&_nc_sid=83d603"
"https://www.instagram.com/p/CamjKyGLHF2/","2022-03-02","38,182","https://instagram.flhe2-4.fna.fbcdn.net/v/t51.2885-15/275090890_373218641005330_1898045203727337984_n.jpg?stp=dst-jpg_e15_fr_s1080x1080&_nc_ht=instagram.flhe2-4.fna.fbcdn.net&_nc_cat=110&_nc_ohc=vDMf7k7D8h0AX_V61mI&edm=AABBvjUBAAAA&ccb=7-4&oh=00_AT_Cj5foXDk72pP1HubT8JwP_WgPdyZfBX1pjMbDLUgm4w&oe=622AA7D8&_nc_sid=83d603"
"https://www.instagram.com/p/CamVbCurA_e/","2022-03-02","59,449","https://instagram.flhe2-4.fna.fbcdn.net/v/t51.2885-15/275025094_125843633328725_5278890347104995620_n.jpg?stp=dst-jpg_e15_fr_s1080x1080&_nc_ht=instagram.flhe2-4.fna.fbcdn.net&_nc_cat=105&_nc_ohc=uPbBeABV8Y8AX-q9rW1&edm=AABBvjUBAAAA&ccb=7-4&oh=00_AT_zAVJKOfiC_GXGwPwCJWm3r-2G57zqETC-cXiE-xy41g&oe=622B198D&_nc_sid=83d603"
"https://www.instagram.com/p/CamHxzXNOXZ/","2022-03-02","57,958","https://instagram.flhe2-2.fna.fbcdn.net/v/t51.2885-15/275067712_1094399604467015_4543606507763926610_n.jpg?stp=dst-jpg_e15_fr_s1080x1080&_nc_ht=instagram.flhe2-2.fna.fbcdn.net&_nc_cat=111&_nc_ohc=Get5aMTvSmsAX8kVGe-&edm=AABBvjUBAAAA&ccb=7-4&oh=00_AT8ACxTHuVnhRI3eti8WFk5t9uJpH3JXbg1XF-YrfWCjJQ&oe=622B7542&_nc_sid=83d603"
"https://www.instagram.com/p/Cakgs9XNP1t/","2022-03-01","",""
"https://www.instagram.com/p/CakaKcFFnao/","2022-03-01","",""
"https://www.instagram.com/p/CakTUDelbLY/","2022-03-01","",""
"https://www.instagram.com/p/CakLGLjKXFM/","2022-03-01","46,162","https://instagram.flhe2-2.fna.fbcdn.net/v/t51.2885-15/274903398_152153197204737_1137451726083721007_n.jpg?stp=dst-jpg_e15_fr_s1080x1080&_nc_ht=instagram.flhe2-2.fna.fbcdn.net&_nc_cat=109&_nc_ohc=mru6LkJ2uHgAX9mxbkR&edm=AABBvjUBAAAA&ccb=7-4&oh=00_AT9TfTH377N4vjcdV0521-YucvvlmpMxH4jE8G8WJp0k6g&oe=622C26E1&_nc_sid=83d603, https://instagram.flhe2-2.fna.fbcdn.net/v/t51.2885-15/274846440_248461230708228_6384606180718018840_n.jpg?stp=dst-jpg_e15_fr_s1080x1080&_nc_ht=instagram.flhe2-2.fna.fbcdn.net&_nc_cat=100&_nc_ohc=RC22hKpaCOcAX9CEcrB&edm=AABBvjUBAAAA&ccb=7-4&oh=00_AT-Z2FJ4ftMXZy6fCwMq2_8UDOZ8PxhnPYa-_BHA9lIA-Q&oe=622ADE0C&_nc_sid=83d603"
"https://www.instagram.com/p/CajuIxvtYOw/","2022-03-01","47,198","https://instagram.flhe2-2.fna.fbcdn.net/v/t51.2885-15/274887582_312478694279797_1066292456053012002_n.jpg?stp=dst-jpg_e15_fr_s1080x1080&_nc_ht=instagram.flhe2-2.fna.fbcdn.net&_nc_cat=101&_nc_ohc=j0iGpZuIp9AAX_ePyPZ&edm=AABBvjUBAAAA&ccb=7-4&oh=00_AT8YopFoTgRadDBdvNNGC974MjT_9muhTr6J05pD475STA&oe=622BCABB&_nc_sid=83d603"
"https://www.instagram.com/p/CaSiXpMsHK0/","2022-02-22","52,776","https://instagram.flhe2-4.fna.fbcdn.net/v/t51.2885-15/274543536_344713274328855_1921474977252468103_n.jpg?stp=dst-jpg_e35_p1080x1080&_nc_ht=instagram.flhe2-4.fna.fbcdn.net&_nc_cat=103&_nc_ohc=v3ZrUCQOPmQAX9pvxJf&edm=AABBvjUBAAAA&ccb=7-4&oh=00_AT8tJj9KyseXzkkEv8amKauafaWBKWWxwVbxbmfMge1Y4w&oe=622B0CC6&_nc_sid=83d603, https://instagram.flhe2-4.fna.fbcdn.net/v/t51.2885-15/274460686_640614627236702_6261510596590734259_n.jpg?stp=dst-jpg_e35_p1080x1080&_nc_ht=instagram.flhe2-4.fna.fbcdn.net&_nc_cat=102&_nc_ohc=RD4bJQORp7MAX8Q9-I7&edm=AABBvjUBAAAA&ccb=7-4&oh=00_AT8Mx7RRotTGrfGOdgMD0L4_miJXofHGx6-0tN9ow37egQ&oe=622BE5C9&_nc_sid=83d603"
"https://www.instagram.com/p/CaSEVEXMyif/","2022-02-22","35,797","https://instagram.flhe2-2.fna.fbcdn.net/v/t51.2885-15/274348663_530251198334520_7592146469754001076_n.jpg?stp=dst-jpg_e35_p1080x1080&_nc_ht=instagram.flhe2-2.fna.fbcdn.net&_nc_cat=100&_nc_ohc=2nsrW22hZDMAX-QBRmu&edm=AABBvjUBAAAA&ccb=7-4&oh=00_AT9pvgVA5k9-15oR1aoAaxFzwlVgOqKiZZJW3isyCl0Egw&oe=622B2FA5&_nc_sid=83d603, https://instagram.flhe2-2.fna.fbcdn.net/v/t51.2885-15/274360767_655759952322801_4510067393882231044_n.jpg?stp=dst-jpg_e35_p1080x1080&_nc_ht=instagram.flhe2-2.fna.fbcdn.net&_nc_cat=109&_nc_ohc=j29JrNEm2RkAX-QdNUL&edm=AABBvjUBAAAA&ccb=7-4&oh=00_AT_RE5OMIF9-HItbuHE9T4pb3kBO-B-cau16gD5k9atctw&oe=622B9320&_nc_sid=83d603"
"https://www.instagram.com/p/CaRqDrPM3S4/","2022-02-22","183,182","https://instagram.flhe2-2.fna.fbcdn.net/v/t51.2885-15/274504963_376426560550014_2966983630162791333_n.jpg?stp=dst-jpg_e35_p1080x1080&_nc_ht=instagram.flhe2-2.fna.fbcdn.net&_nc_cat=106&_nc_ohc=WuuG9Rw5DngAX_RErq-&edm=AABBvjUBAAAA&ccb=7-4&oh=00_AT_Ab32TWwqKFsJm9t1KsUjWlmSBJZE5rIDJeTFNof0UrQ&oe=622C36D1&_nc_sid=83d603, https://instagram.flhe2-4.fna.fbcdn.net/v/t51.2885-15/274406855_497275978577668_6648416214647750224_n.jpg?stp=dst-jpg_e35_p1080x1080&_nc_ht=instagram.flhe2-4.fna.fbcdn.net&_nc_cat=104&_nc_ohc=jtLIHbQYr0kAX-zwvrx&edm=AABBvjUBAAAA&ccb=7-4&oh=00_AT8U-2dBHbkx_Pwt0yAbzcA5hp6zMtVhWfkFQa-tPKVZ6Q&oe=622B1431&_nc_sid=83d603"
"https://www.instagram.com/p/CaP6dCFMwDK/","2022-02-21","46,171","https://instagram.flhe2-2.fna.fbcdn.net/v/t51.2885-15/274369943_682220336249171_3085946069835715893_n.jpg?stp=dst-jpg_e35_p1080x1080&_nc_ht=instagram.flhe2-2.fna.fbcdn.net&_nc_cat=111&_nc_ohc=ldn4beYWhO4AX_sAzXq&edm=AABBvjUBAAAA&ccb=7-4&oh=00_AT9F3MpU7jsa4JIRWPDQHz4Gqt2_2d3ccj1Yj_rC0VnDlA&oe=622B39F7&_nc_sid=83d603, https://instagram.flhe2-4.fna.fbcdn.net/v/t51.2885-15/274362406_433142761936786_7450863701991595842_n.jpg?stp=dst-jpg_e35_p1080x1080&_nc_ht=instagram.flhe2-4.fna.fbcdn.net&_nc_cat=110&_nc_ohc=r0Hbw62e1WAAX-Rg2Rt&edm=AABBvjUBAAAA&ccb=7-4&oh=00_AT-E9kn4pVDGyGjASjBBuUdfHh1K-2aAHKyRKoMTmgW1DA&oe=622BD8CF&_nc_sid=83d603"
"https://www.instagram.com/p/CaPe6tlM5oQ/","2022-02-21","152,631","https://instagram.flhe2-2.fna.fbcdn.net/v/t51.2885-15/274408270_132795705909018_3606469210125989618_n.jpg?stp=dst-jpg_e35_p1080x1080&_nc_ht=instagram.flhe2-2.fna.fbcdn.net&_nc_cat=106&_nc_ohc=2GlsbARYZb0AX8OSg51&edm=AABBvjUBAAAA&ccb=7-4&oh=00_AT9XYSuv-srRe6R-NHwrZiJO73Px_hBhaxTmt6clG-RcXQ&oe=622B6B93&_nc_sid=83d603, https://instagram.flhe2-4.fna.fbcdn.net/v/t51.2885-15/274283000_2738620689767186_8909634149586146090_n.jpg?stp=dst-jpg_e35_p1080x1080&_nc_ht=instagram.flhe2-4.fna.fbcdn.net&_nc_cat=102&_nc_ohc=oGU-zxY6QDkAX_mUA1I&edm=AABBvjUBAAAA&ccb=7-4&oh=00_AT_vyoOBVz1OWAHaG2Byhc-DldcqPctuCSudnlW3fRpqLw&oe=622AB404&_nc_sid=83d603"
"https://www.instagram.com/p/CaPHk1tMZ1Q/","2022-02-21","95,394","https://instagram.flhe2-2.fna.fbcdn.net/v/t51.2885-15/274497710_4851171154932258_8594815061603389073_n.jpg?stp=dst-jpg_e35_p1080x1080&_nc_ht=instagram.flhe2-2.fna.fbcdn.net&_nc_cat=106&_nc_ohc=LsYCqH_OY0UAX-mlo1n&edm=AABBvjUBAAAA&ccb=7-4&oh=00_AT8CBkfBRb0Xxo8MVTAJ-lGUMcAN1BVvdCV0k93EnpNOIQ&oe=622B9AC0&_nc_sid=83d603, https://instagram.flhe2-4.fna.fbcdn.net/v/t51.2885-15/274378898_698994024810511_4710631817566023058_n.jpg?stp=dst-jpg_e35_p1080x1080&_nc_ht=instagram.flhe2-4.fna.fbcdn.net&_nc_cat=107&_nc_ohc=sFIC3y9bmTIAX_F_B7O&edm=AABBvjUBAAAA&ccb=7-4&oh=00_AT-lhcMsYUnrUBGa_p0RA7UmFnNABduEs7AF0aGRaiSUHQ&oe=622A7CB1&_nc_sid=83d603"
"https://www.instagram.com/p/CaNMJE_sYyN/","2022-02-20","33,825","https://instagram.flhe2-2.fna.fbcdn.net/v/t51.2885-15/274233479_375225210660464_9145185846143380978_n.jpg?stp=dst-jpg_e35&_nc_ht=instagram.flhe2-2.fna.fbcdn.net&_nc_cat=108&_nc_ohc=R2Rw_CiarJoAX8VcpTj&edm=AABBvjUBAAAA&ccb=7-4&oh=00_AT8qcxNJX7uFNC1qqO3R13tNjHiEIr5mVxuuZ3kqqi0GYg&oe=62266280&_nc_sid=83d603, https://instagram.flhe2-2.fna.fbcdn.net/v/t51.2885-15/274412619_124256753481380_4430737650325250846_n.jpg?stp=dst-jpg_e35&_nc_ht=instagram.flhe2-2.fna.fbcdn.net&_nc_cat=108&_nc_ohc=hhfcv9HaA7AAX88s-Sy&edm=AABBvjUBAAAA&ccb=7-4&oh=00_AT92ybaX0Jatt65ykuWMN7RzgaZ5FgClqjZn4AbkFbhFEw&oe=62269739&_nc_sid=83d603"
"https://www.instagram.com/p/CaMnP4TFAJh/","2022-02-20","24,628","https://instagram.flhe2-4.fna.fbcdn.net/v/t51.2885-15/274304015_294015259491110_714941762943155596_n.jpg?stp=dst-jpg_e35&_nc_ht=instagram.flhe2-4.fna.fbcdn.net&_nc_cat=102&_nc_ohc=2ntMDCpJMFIAX98T4DD&edm=AABBvjUBAAAA&ccb=7-4&oh=00_AT-t8j6gyPVDFO-EH2p49M_d7Xm0ESLcM3zLNDloDgkjYA&oe=6226D1A1&_nc_sid=83d603"
"https://www.instagram.com/p/CaMYIOlOkqg/","2022-02-20","35,185","https://instagram.flhe2-4.fna.fbcdn.net/v/t51.2885-15/274492860_495909795229564_4135227241939953260_n.jpg?stp=dst-jpg_e35&_nc_ht=instagram.flhe2-4.fna.fbcdn.net&_nc_cat=104&_nc_ohc=uroTY6Y-Lo8AX9K2fod&edm=AABBvjUBAAAA&ccb=7-4&oh=00_AT-B6BJhMCat1TO4mgqAf4rZolYxdu6EZl0OCQ2vxRk-DA&oe=62267154&_nc_sid=83d603, https://instagram.flhe2-4.fna.fbcdn.net/v/t51.2885-15/274206537_484844913086746_1993061230372888935_n.jpg?stp=dst-jpg_e35&_nc_ht=instagram.flhe2-4.fna.fbcdn.net&_nc_cat=110&_nc_ohc=jzDaTl_uvFcAX9f0iqG&edm=AABBvjUBAAAA&ccb=7-4&oh=00_AT8vZg4S0NRb781xDVY-Zxv5bYUXpzxutCm9DBf4ex44dw&oe=6226EACA&_nc_sid=83d603"
"https://www.instagram.com/p/CaK0CDVsgfH/","2022-02-19","34,292","https://instagram.flhe2-4.fna.fbcdn.net/v/t51.2885-15/274163251_148926330909914_3179703710825831795_n.jpg?stp=dst-jpg_e35&_nc_ht=instagram.flhe2-4.fna.fbcdn.net&_nc_cat=102&_nc_ohc=m1-dLAYzOSwAX8BofO3&edm=AABBvjUBAAAA&ccb=7-4&oh=00_AT9U9K8FIGG9WlnCc1b1SQtjvLVQ8PrNSdkRBT943hfH-g&oe=622682F4&_nc_sid=83d603, https://instagram.flhe2-2.fna.fbcdn.net/v/t51.2885-15/274296005_319833840187605_2415580317504043441_n.jpg?stp=dst-jpg_e35&_nc_ht=instagram.flhe2-2.fna.fbcdn.net&_nc_cat=109&_nc_ohc=SJFS12-5LYYAX9HK4iw&edm=AABBvjUBAAAA&ccb=7-4&oh=00_AT-psV-syUBBEFKQe_ynA_7Z1Cj26mlD7j0TaMzF0y76lQ&oe=622AFB01&_nc_sid=83d603"
"https://www.instagram.com/p/CaKqC6IMML7/","2022-02-19","36,072","https://instagram.flhe2-2.fna.fbcdn.net/v/t51.2885-15/274240678_669518797413296_5173301954842851217_n.jpg?stp=dst-jpg_e35&_nc_ht=instagram.flhe2-2.fna.fbcdn.net&_nc_cat=108&_nc_ohc=UO9IjYoxnhMAX8FC2rR&edm=AABBvjUBAAAA&ccb=7-4&oh=00_AT-YomWK0HugH6fFw0UmQICZUFbxd5fFAdpUtKZ3_zsZDA&oe=6226BA18&_nc_sid=83d603, https://instagram.flhe2-2.fna.fbcdn.net/v/t51.2885-15/274253936_1123680458393084_2316372163762759213_n.jpg?stp=dst-jpg_e35&_nc_ht=instagram.flhe2-2.fna.fbcdn.net&_nc_cat=108&_nc_ohc=n5RP4VDZetoAX_ei4kI&edm=AABBvjUBAAAA&ccb=7-4&oh=00_AT-6lQCaYJKbvoGFtNxfzOy8ViSCn6BueJeYB1mmxte_Gg&oe=62265AC0&_nc_sid=83d603"
"https://www.instagram.com/p/CaKgNnQsmms/","2022-02-19","29,529","https://instagram.flhe2-2.fna.fbcdn.net/v/t51.2885-15/274298282_3170531719884993_8524255180711090265_n.jpg?stp=dst-jpg_e35&_nc_ht=instagram.flhe2-2.fna.fbcdn.net&_nc_cat=109&_nc_ohc=raEWSdI-vkYAX-OPXtP&edm=AABBvjUBAAAA&ccb=7-4&oh=00_AT_lBjqtVXFr3x_N5X_UjCc778THEupClM26DsUaKWWd6w&oe=622B2055&_nc_sid=83d603"
"https://www.instagram.com/p/CaCek_TMeL_/","2022-02-16","43,996","https://instagram.flhe2-2.fna.fbcdn.net/v/t51.2885-15/273987658_486591249678649_2349336800353517315_n.jpg?stp=dst-jpg_e35&_nc_ht=instagram.flhe2-2.fna.fbcdn.net&_nc_cat=101&_nc_ohc=Z3g3F3Mw6vEAX9Hvvni&edm=AABBvjUBAAAA&ccb=7-4&oh=00_AT9s4aNUhr1tWy9fdkO73GwDZsbMPXfRd9G757W6jYQ9hg&oe=622BA7DC&_nc_sid=83d603"
"https://www.instagram.com/p/CaCIpX2s2dX/","2022-02-16","64,820","https://instagram.flhe2-2.fna.fbcdn.net/v/t51.2885-15/273987405_279158047505192_950600382645376210_n.jpg?stp=dst-jpg_e35&_nc_ht=instagram.flhe2-2.fna.fbcdn.net&_nc_cat=108&_nc_ohc=l1k5Qle4n3sAX_CpnzX&edm=AABBvjUBAAAA&ccb=7-4&oh=00_AT-2c2o0OVvEH93saiqycF6-fclYmMrTuDDEhPFUkVwhRA&oe=622B1B0E&_nc_sid=83d603"
"https://www.instagram.com/p/CZ-Y2qKMqp6/","2022-02-14","33,485","https://instagram.flhe2-4.fna.fbcdn.net/v/t51.2885-15/273943015_367839651485549_4446959105927332489_n.jpg?stp=dst-jpg_e35_p1080x1080&_nc_ht=instagram.flhe2-4.fna.fbcdn.net&_nc_cat=105&_nc_ohc=uB934S3xD-wAX8tiEjj&edm=AABBvjUBAAAA&ccb=7-4&oh=00_AT-tiRKE1-VIM9Yc7C_OF1bF3MZDPBQJWT4j5ZEJgtoYqQ&oe=622C17E0&_nc_sid=83d603"
"https://www.instagram.com/p/CZ94DY-MZqH/","2022-02-14","27,367","https://instagram.flhe2-4.fna.fbcdn.net/v/t51.2885-15/274135495_101740975758567_7299651416811001624_n.jpg?stp=dst-jpg_e35_p1080x1080&_nc_ht=instagram.flhe2-4.fna.fbcdn.net&_nc_cat=103&_nc_ohc=9gBGge3gxnAAX-c-gLZ&edm=AABBvjUBAAAA&ccb=7-4&oh=00_AT-6WBvOJfasr9OuD0FDK9mBnr5C0cU_RU5HtXQh1CttHw&oe=622BB6E4&_nc_sid=83d603"
"https://www.instagram.com/p/CZ9pmgWMIUP/","2022-02-14","21,617","https://instagram.flhe2-2.fna.fbcdn.net/v/t51.2885-15/273887682_446162787190542_6517707343862257244_n.jpg?stp=dst-jpg_e35_p1080x1080&_nc_ht=instagram.flhe2-2.fna.fbcdn.net&_nc_cat=106&_nc_ohc=Zjq580iYhIAAX-624W6&edm=AABBvjUBAAAA&ccb=7-4&oh=00_AT_zVBG_Ets5v8im2BC4nOSi3eaLAnYaX09iKlZObqMuVQ&oe=622C39E3&_nc_sid=83d603"
"https://www.instagram.com/p/CZ9i0YSsx7p/","2022-02-14","24,569","https://instagram.flhe2-4.fna.fbcdn.net/v/t51.2885-15/273868189_493890795682970_3746620695968230927_n.jpg?stp=dst-jpg_e35_p1080x1080&_nc_ht=instagram.flhe2-4.fna.fbcdn.net&_nc_cat=102&_nc_ohc=496glBaR4VYAX_KBSSM&edm=AABBvjUBAAAA&ccb=7-4&oh=00_AT9jnThH4Zv9W6F1csW0eph06YirYcP38AR6RQywtJFCxA&oe=622C2D45&_nc_sid=83d603"
"https://www.instagram.com/p/CZ9M0lFM9WA/","2022-02-14","27,750","https://instagram.flhe2-2.fna.fbcdn.net/v/t51.2885-15/273994915_542292660214140_8575790915752150532_n.jpg?stp=dst-jpg_e35_p1080x1080&_nc_ht=instagram.flhe2-2.fna.fbcdn.net&_nc_cat=100&_nc_ohc=HO8fCtCMtj0AX-CloM9&edm=AABBvjUBAAAA&ccb=7-4&oh=00_AT8eXFG1e9f8HfntsEpucMOX3v5BLZMLUck21uUddNpbjA&oe=622BECF9&_nc_sid=83d603"
"https://www.instagram.com/p/CZ6h1nAsJ3_/","2022-02-13","35,686","https://instagram.flhe2-2.fna.fbcdn.net/v/t51.2885-15/273828160_1008887733030852_6486543499529867215_n.jpg?stp=dst-jpg_e35_p1080x1080&_nc_ht=instagram.flhe2-2.fna.fbcdn.net&_nc_cat=100&_nc_ohc=QtgyIcnG7zIAX8pclhP&edm=AABBvjUBAAAA&ccb=7-4&oh=00_AT_Lk9gt_NIzHkMT-EIK-g0qVRoD-ComdJDxTlz86VWspg&oe=622BEFA9&_nc_sid=83d603"
"https://www.instagram.com/p/CZ4qpYsM5XX/","2022-02-12","27,154","https://instagram.flhe2-2.fna.fbcdn.net/v/t51.2885-15/273800987_252916006999103_4349418842158482874_n.jpg?stp=dst-jpg_e35_p1080x1080&_nc_ht=instagram.flhe2-2.fna.fbcdn.net&_nc_cat=111&_nc_ohc=XkgU8TTNAPgAX_BHVkE&edm=AABBvjUBAAAA&ccb=7-4&oh=00_AT_a557HLGi_f22O2flGDLaaNx_uYl1cYNh5UWHGlRdrxQ&oe=622B05CD&_nc_sid=83d603"
"https://www.instagram.com/p/CZ4M1I7sJDZ/","2022-02-12","53,842","https://instagram.flhe2-4.fna.fbcdn.net/v/t51.2885-15/273687227_313025684130154_3904022178352513079_n.jpg?stp=dst-jpg_e35_p1080x1080&_nc_ht=instagram.flhe2-4.fna.fbcdn.net&_nc_cat=110&_nc_ohc=hpBB7TmQZtEAX83bgyX&edm=AABBvjUBAAAA&ccb=7-4&oh=00_AT8l0GV4MguCgjGsOPNu-5z-be4JjDiX45c5-QWZP1ZO5g&oe=622A9C21&_nc_sid=83d603"
"https://www.instagram.com/p/CZ32SLNlZL3/","2022-02-12","",""
"https://www.instagram.com/p/CZ1UCCTlqAl/","2022-02-11","",""
"https://www.instagram.com/p/CZzKTDSMZ74/","2022-02-10","41,332","https://instagram.flhe2-4.fna.fbcdn.net/v/t51.2885-15/273603547_485957566373098_5724324825270929180_n.jpg?stp=dst-jpg_e35_p1080x1080&_nc_ht=instagram.flhe2-4.fna.fbcdn.net&_nc_cat=110&_nc_ohc=gcGrBg9jZMcAX9i__B9&edm=AABBvjUBAAAA&ccb=7-4&oh=00_AT9mnLHz0_Z8p7Tby3ZyZQ2GEnO0SsPpfCaAnHWXyq-qJA&oe=622A4F11&_nc_sid=83d603"
"https://www.instagram.com/p/CZyvGMeFKgb/","2022-02-10","",""
"https://www.instagram.com/p/CZr2WZVMfRV/","2022-02-07","236,709","https://instagram.flhe2-2.fna.fbcdn.net/v/t51.2885-15/273430294_350752206894720_1059414878412893441_n.jpg?stp=dst-jpg_e35_p1080x1080&_nc_ht=instagram.flhe2-2.fna.fbcdn.net&_nc_cat=100&_nc_ohc=rzz3GFzxSeEAX_0tmzf&edm=AABBvjUBAAAA&ccb=7-4&oh=00_AT9QqAFzMsP59y4bC9VnYT_o8uSPKHoF447bPrznP5AVIQ&oe=622B1502&_nc_sid=83d603"
"https://www.instagram.com/p/CZrcXi9sI_W/","2022-02-07","119,096","https://instagram.flhe2-4.fna.fbcdn.net/v/t51.2885-15/273422769_616083056290455_4648926828117098185_n.jpg?stp=dst-jpg_e35_p1080x1080&_nc_ht=instagram.flhe2-4.fna.fbcdn.net&_nc_cat=103&_nc_ohc=jVmIL46_IVoAX9DyglH&edm=AABBvjUBAAAA&ccb=7-4&oh=00_AT9AQ2ITh-nI5W0oNwAm-dkUCZ7PQ6hmtAj_Pz-1gN2BrA&oe=622BE616&_nc_sid=83d603"
"https://www.instagram.com/p/CZqyoFGO6SR/","2022-02-07","410,100","https://instagram.flhe2-2.fna.fbcdn.net/v/t51.2885-15/273264674_1636207526726533_4641161858785081462_n.jpg?stp=dst-jpg_e35_p1080x1080&_nc_ht=instagram.flhe2-2.fna.fbcdn.net&_nc_cat=101&_nc_ohc=2iruHGB7ERgAX_IXDao&edm=AABBvjUBAAAA&ccb=7-4&oh=00_AT8_I53ZSU4upTkmAjskmz1awm9K4qLukV4-TJpvnPtE3A&oe=622AEFF3&_nc_sid=83d603"
"https://www.instagram.com/p/CZpnE6TuhfH/","2022-02-06","59,724","https://instagram.flhe2-2.fna.fbcdn.net/v/t51.2885-15/273604844_641175430524678_8743304995788300571_n.jpg?stp=dst-jpg_e35&_nc_ht=instagram.flhe2-2.fna.fbcdn.net&_nc_cat=106&_nc_ohc=Y5ZYvcwzucgAX_YomKS&edm=AABBvjUBAAAA&ccb=7-4&oh=00_AT_jiSqqL96Or-sj-J14qgjsR5f2kW01qsFQUBoEUr9rgg&oe=622C25BA&_nc_sid=83d603, https://instagram.flhe2-4.fna.fbcdn.net/v/t51.2885-15/273375488_1636026746760218_4662962604345557768_n.jpg?stp=dst-jpg_e35&_nc_ht=instagram.flhe2-4.fna.fbcdn.net&_nc_cat=102&_nc_ohc=SIC59Ns1jTMAX_gRM_4&edm=AABBvjUBAAAA&ccb=7-4&oh=00_AT_aQBS3iAtYOL3WXQrotMRfvgro1PYuUQKYvjmCgaOQbw&oe=622B1979&_nc_sid=83d603"
"https://www.instagram.com/p/CZpgSKtO4Ea/","2022-02-06","56,663","https://instagram.flhe2-2.fna.fbcdn.net/v/t51.2885-15/273271041_3180279592215525_6790859493397385155_n.jpg?stp=dst-jpg_e35&_nc_ht=instagram.flhe2-2.fna.fbcdn.net&_nc_cat=109&_nc_ohc=ud3f0LhwKeYAX8W7yW-&edm=AABBvjUBAAAA&ccb=7-4&oh=00_AT-STRl8aVJnwkW8EJsxknrr1rfRUc0jvOlYurBokn7vnw&oe=622BF5C5&_nc_sid=83d603"
"https://www.instagram.com/p/CZpPHbQscHB/","2022-02-06","121,111","https://instagram.flhe2-2.fna.fbcdn.net/v/t51.2885-15/273233869_146036994479360_7546725193799381738_n.jpg?stp=dst-jpg_e35&_nc_ht=instagram.flhe2-2.fna.fbcdn.net&_nc_cat=108&_nc_ohc=j9YQnZsiWiUAX_VO8BD&edm=AABBvjUBAAAA&ccb=7-4&oh=00_AT-X1c1h0eGhrhCKmSA7AezFgz1QOtgoCq5hhfNqsPDBeQ&oe=622A99F5&_nc_sid=83d603"
"https://www.instagram.com/p/CZo_XQwFF1P/","2022-02-06","",""
"https://www.instagram.com/p/CZovn0ksHMU/","2022-02-06","54,914","https://instagram.flhe2-2.fna.fbcdn.net/v/t51.2885-15/273399333_356807992693008_3601003533763679296_n.jpg?stp=dst-jpg_e35&_nc_ht=instagram.flhe2-2.fna.fbcdn.net&_nc_cat=100&_nc_ohc=mjRWGlRzyVkAX-11UmA&edm=AABBvjUBAAAA&ccb=7-4&oh=00_AT9vrENJ0jvqzsK-nwFfgKn1AJH_BjTZhYwMGJmh0sYE8g&oe=622B243F&_nc_sid=83d603"
"https://www.instagram.com/p/CZoftBbFO4Y/","2022-02-06","",""
"https://www.instagram.com/p/CZnIxjgsUWd/","2022-02-05","66,974","https://instagram.flhe2-2.fna.fbcdn.net/v/t51.2885-15/273203884_135802732254042_8179008591306195765_n.jpg?stp=dst-jpg_e35&_nc_ht=instagram.flhe2-2.fna.fbcdn.net&_nc_cat=106&_nc_ohc=CHMaJIWyRMkAX9TT92e&edm=AABBvjUBAAAA&ccb=7-4&oh=00_AT8R4RAyVU_iHlFUs7I9ZRXOcvTI2hWK7BmwxxYFwmk9TA&oe=622BB0C4&_nc_sid=83d603, https://instagram.flhe2-4.fna.fbcdn.net/v/t51.2885-15/273397686_640725510381580_1083883747209984153_n.jpg?stp=dst-jpg_e35&_nc_ht=instagram.flhe2-4.fna.fbcdn.net&_nc_cat=104&_nc_ohc=VqDoGDj9c60AX-rmDf6&edm=AABBvjUBAAAA&ccb=7-4&oh=00_AT9lIrQ3cGoU0MK2hPgRTv37HcWypEGSeQr1xoFhkisIdA&oe=622BF8A0&_nc_sid=83d603"
"https://www.instagram.com/p/CZm47IpMvzN/","2022-02-05","53,021","https://instagram.flhe2-4.fna.fbcdn.net/v/t51.2885-15/273379482_5145351172176279_6231502759667530549_n.jpg?stp=dst-jpg_e35&_nc_ht=instagram.flhe2-4.fna.fbcdn.net&_nc_cat=103&_nc_ohc=mcLQ2iZwDOcAX8d7erR&edm=AABBvjUBAAAA&ccb=7-4&oh=00_AT9bqxngk0z1NMIwB8qvXeV9T98EQ-HYM6aoi7vwXdCG1Q&oe=622B08F6&_nc_sid=83d603"
"https://www.instagram.com/p/CZmtQfPsOPE/","2022-02-05","100,003","https://instagram.flhe2-2.fna.fbcdn.net/v/t51.2885-15/273184779_616587926114160_6269604605069673390_n.jpg?stp=dst-jpg_e35&_nc_ht=instagram.flhe2-2.fna.fbcdn.net&_nc_cat=100&_nc_ohc=NZVpampZbk4AX-5bn2D&edm=AABBvjUBAAAA&ccb=7-4&oh=00_AT9NA-aUJQeu2m14Kf2XoyMw1FbhMyFW-fC_wAvUa9dpSg&oe=622C023A&_nc_sid=83d603"
"https://www.instagram.com/p/CZmeqFHFmel/","2022-02-05","",""
"https://www.instagram.com/p/CZmSKVnsNcU/","2022-02-05","67,902","https://instagram.flhe2-4.fna.fbcdn.net/v/t51.2885-15/273218464_662231521625512_6892493512223264133_n.jpg?stp=dst-jpg_e35&_nc_ht=instagram.flhe2-4.fna.fbcdn.net&_nc_cat=104&_nc_ohc=VX6_8Dq-8fQAX_7cmEn&edm=AABBvjUBAAAA&ccb=7-4&oh=00_AT9WapRveqlG0GEp2YWh2xG1ubHTd-aS6fkcOlhPz_yMIQ&oe=622AE306&_nc_sid=83d603, https://instagram.flhe2-4.fna.fbcdn.net/v/t51.2885-15/273205241_683444849685698_4798815410902231467_n.jpg?stp=dst-jpg_e35&_nc_ht=instagram.flhe2-4.fna.fbcdn.net&_nc_cat=102&_nc_ohc=7MkjdcVqZt8AX__hnxs&edm=AABBvjUBAAAA&ccb=7-4&oh=00_AT_Re7gvQbH3Xll_uoCbrrda1Mk3xcuCQcZUar-mXjJusw&oe=622B39C0&_nc_sid=83d603"
"https://www.instagram.com/p/CZl6ULYFzRm/","2022-02-05","",""
"https://www.instagram.com/p/CZkDD4DsSx_/","2022-02-04","144,099","https://instagram.flhe2-4.fna.fbcdn.net/v/t51.2885-15/259904624_782171013185439_5462432834133547108_n.jpg?stp=dst-jpg_e35_p1080x1080&_nc_ht=instagram.flhe2-4.fna.fbcdn.net&_nc_cat=103&_nc_ohc=jOBe4ihAtSAAX8Mbjms&edm=AABBvjUBAAAA&ccb=7-4&oh=00_AT8ay1_y34Q2CWBENJ6gwfIRtK5AxjzHayVZWGTRYhD9dQ&oe=622A781F&_nc_sid=83d603"
"https://www.instagram.com/p/CZjuvRMMm5l/","2022-02-04","88,454","https://instagram.flhe2-4.fna.fbcdn.net/v/t51.2885-15/271436655_445305007284871_6752074854468741916_n.jpg?stp=dst-jpg_e35_p1080x1080&_nc_ht=instagram.flhe2-4.fna.fbcdn.net&_nc_cat=107&_nc_ohc=ZB3VoNWXM6UAX8IO2Bw&edm=AABBvjUBAAAA&ccb=7-4&oh=00_AT9UrnmVQq-yoFvrX8YnDGgnXff5rHAJ-cMXi-iSeRZJUA&oe=622B75DB&_nc_sid=83d603"
"https://www.instagram.com/p/CZjUYnaM28A/","2022-02-04","122,653","https://instagram.flhe2-2.fna.fbcdn.net/v/t51.2885-15/273247674_1101159050664276_3755438334937472909_n.jpg?stp=dst-jpg_e35_p1080x1080&_nc_ht=instagram.flhe2-2.fna.fbcdn.net&_nc_cat=100&_nc_ohc=R_E5zjtxDCkAX9oKdmc&edm=AABBvjUBAAAA&ccb=7-4&oh=00_AT9UucL0VMF2MVJ9Gz_Z3sA44ByzkSOPbIVWW4-XE1hOww&oe=622A8EA3&_nc_sid=83d603"
"https://www.instagram.com/p/CZhI3tpMqAw/","2022-02-03","449,188","https://instagram.flhe2-4.fna.fbcdn.net/v/t51.2885-15/272225238_7388165691201135_1871853027596020821_n.jpg?stp=dst-jpg_e35_p1080x1080&_nc_ht=instagram.flhe2-4.fna.fbcdn.net&_nc_cat=103&_nc_ohc=v-v15NpM2UIAX8e4VXs&edm=AABBvjUBAAAA&ccb=7-4&oh=00_AT_VOk78mAXkiItN1dkgEVdOb7SjQ35mo0x_jSIUWNNN-A&oe=622B8F39&_nc_sid=83d603, https://instagram.flhe2-2.fna.fbcdn.net/v/t51.2885-15/259795230_666145561503848_4997689880625461575_n.jpg?stp=dst-jpg_e35_p1080x1080&_nc_ht=instagram.flhe2-2.fna.fbcdn.net&_nc_cat=108&_nc_ohc=hohDPLb4-d8AX8FY3xa&edm=AABBvjUBAAAA&ccb=7-4&oh=00_AT9UK7zkL6LILcN9wvUjPFNaAuae73gq7X0rEB6nuL4Qcg&oe=622ABD50&_nc_sid=83d603"
"https://www.instagram.com/p/CZelyw1svla/","2022-02-02","34,146","https://instagram.flhe2-4.fna.fbcdn.net/v/t51.2885-15/273231710_320537549854610_5433668474526761082_n.jpg?stp=dst-jpg_e35_p1080x1080&_nc_ht=instagram.flhe2-4.fna.fbcdn.net&_nc_cat=102&_nc_ohc=RqOSDH8Td2IAX-DeZ2G&edm=AABBvjUBAAAA&ccb=7-4&oh=00_AT_kCjIrN5CF7SuzYZL5dw9ufbhnBcJ4HUsIQfsz3OS-EA&oe=622BAD82&_nc_sid=83d603"
"https://www.instagram.com/p/CZeIaLAM3J4/","2022-02-02","90,426","https://instagram.flhe2-2.fna.fbcdn.net/v/t51.2885-15/273132171_344902924152666_8595791470304986255_n.jpg?stp=dst-jpg_e35_p1080x1080&_nc_ht=instagram.flhe2-2.fna.fbcdn.net&_nc_cat=106&_nc_ohc=UHKpsPKW78IAX-5YQek&edm=AABBvjUBAAAA&ccb=7-4&oh=00_AT8wnwwvTrW-DSixVv_5POetQiBvgTRghh29wbVT0Kr57Q&oe=622ABECC&_nc_sid=83d603"
"https://www.instagram.com/p/CZb-59xKv22/","2022-02-01","",""
"https://www.instagram.com/p/CZbjhcAs9S1/","2022-02-01","34,133","https://instagram.flhe2-2.fna.fbcdn.net/v/t51.2885-15/272963212_1842466015937339_3855397184285507567_n.jpg?stp=dst-jpg_e35_p1080x1080&_nc_ht=instagram.flhe2-2.fna.fbcdn.net&_nc_cat=111&_nc_ohc=7lz2X5qbNcEAX_rS4BL&edm=AABBvjUBAAAA&ccb=7-4&oh=00_AT8kHkzBcCQw0bsExkn-6wY9e-YX-cVWny5GCTUrm9odqw&oe=622B084A&_nc_sid=83d603"
"https://www.instagram.com/p/CZZ2pUrKUcW/","2022-01-31","",""